{
  "Dataset_ID": 3,
  "Seed": 42,
  "Modelo": "EncDec-Opt-Small-MT8_FT_AR_Contiguous_DILATE",
  "status": "completed",
  "source_model": "EncDec-Opt-Small-MT8_FT_AR_Contiguous",
  "checkpoint_dir": "experiments/benchmark_final\\ds_3_seed_42\\EncDec-Opt-Small-MT8_FT_AR_Contiguous_DILATE",
  "train_time_s": 1319.48,
  "epochs_run": 6,
  "best_val_loss": 0.021504539191565423,
  "train_num_targets": 8,
  "eval_num_targets": 8,
  "n_train": 426831,
  "n_val": 91047,
  "n_test": 91049,
  "lr": 2e-05,
  "alpha": 0.5,
  "gamma": 0.01,
  "test_dilate_mse": 0.1429317146539688,
  "test_dilate_rmse": 0.3780631093534105,
  "test_dilate_mae": 0.19614306092262268,
  "test_dilate_mape": 494.3298816680908,
  "test_dilate_diff_mse": 0.07338441908359528,
  "test_dilate_diff_rmse": 0.2708955870507958,
  "test_dilate_diff_mae": 0.16586410999298096,
  "test_dilate_diff_mape": 15371270.3125,
  "test_dilate_direction_acc": 0.45873573422431946,
  "test_dilate_dilate": 0.08821643786052649,
  "test_dilate_dilate_shape": 0.13313354703260305,
  "test_dilate_dilate_temporal": 0.043299328319558246,
  "val_dilate_ar_mse": 0.16882911324501038,
  "val_dilate_ar_rmse": 0.4108882004207597,
  "val_dilate_ar_mae": 0.2091084122657776,
  "val_dilate_ar_mape": 98.10465574264526,
  "val_dilate_ar_diff_mse": 0.08462291955947876,
  "val_dilate_ar_diff_rmse": 0.2909001883111779,
  "val_dilate_ar_diff_mae": 0.16454391181468964,
  "val_dilate_ar_diff_mape": 14322857.8125,
  "val_dilate_ar_direction_acc": 0.46315011382102966,
  "val_dilate_ar_dilate": 0.10216824553725823,
  "val_dilate_ar_dilate_shape": 0.1583540849408513,
  "val_dilate_ar_dilate_temporal": 0.045982405948765195
}