test_mse,test_rmse,test_mae,test_mape,test_loss,val_mse,val_rmse,val_mae,val_mape,val_loss,train_time_s,epochs_run,n_params_trainable,n_params_total,Dataset_ID,Modelo,Seed,n_train,n_val,n_test
0.3216686546802521,0.5671584035172643,0.35146722197532654,72.66044020652771,0.3216686546802521,0.32169947028160095,0.5671855695287046,0.3408663272857666,68.15478205680847,0.32169947028160095,10074.29,20,530690,530690,1,Custom,42,541365,115590,115591
0.9370028972625732,0.9679890997643379,0.7348484992980957,91.62362813949585,0.9370028972625732,0.8956637382507324,0.9463951279728422,0.7274366617202759,77.0122766494751,0.8956637382507324,2219.39,16,229061,229061,1,STraTS_Adapter,42,541365,115590,115591
1.0286445617675781,1.0142211601852813,0.8990176916122437,99.73588585853577,1.0286445617675781,0.9925762414932251,0.9962812060323255,0.9062466025352478,99.5805025100708,0.9925762414932251,0.0,0,1,1,1,Persistence,42,541365,115590,115591
,,,,,,,,,,506.79,9,10753,10753,1,Linear,42,541365,115590,115591
