{
  "Dataset_ID": 3,
  "Seed": 84,
  "Modelo": "EncDec-Opt-Small-MT8_FT_AR_Contiguous_DILATE",
  "status": "completed",
  "source_model": "EncDec-Opt-Small-MT8_FT_AR_Contiguous",
  "checkpoint_dir": "experiments/benchmark_final\\ds_3_seed_84\\EncDec-Opt-Small-MT8_FT_AR_Contiguous_DILATE",
  "train_time_s": 1318.52,
  "epochs_run": 6,
  "best_val_loss": 0.020718993018660703,
  "train_num_targets": 8,
  "eval_num_targets": 8,
  "n_train": 426831,
  "n_val": 91047,
  "n_test": 91049,
  "lr": 2e-05,
  "alpha": 0.5,
  "gamma": 0.01,
  "test_dilate_mse": 0.14522722363471985,
  "test_dilate_rmse": 0.3810868977473771,
  "test_dilate_mae": 0.17962509393692017,
  "test_dilate_mape": 748.9940643310547,
  "test_dilate_diff_mse": 0.07347286492586136,
  "test_dilate_diff_rmse": 0.2710587850003415,
  "test_dilate_diff_mae": 0.1655033379793167,
  "test_dilate_diff_mape": 9833003.125,
  "test_dilate_direction_acc": 0.45857566595077515,
  "test_dilate_dilate": 0.08976388704549078,
  "test_dilate_dilate_shape": 0.13433075020302238,
  "test_dilate_dilate_temporal": 0.0451970241642597,
  "val_dilate_ar_mse": 0.16978579759597778,
  "val_dilate_ar_rmse": 0.4120507221155883,
  "val_dilate_ar_mae": 0.18638189136981964,
  "val_dilate_ar_mape": 116.4987325668335,
  "val_dilate_ar_diff_mse": 0.08473498374223709,
  "val_dilate_ar_diff_rmse": 0.2910927407927533,
  "val_dilate_ar_diff_mae": 0.16417014598846436,
  "val_dilate_ar_diff_mape": 9269667.96875,
  "val_dilate_ar_direction_acc": 0.462194561958313,
  "val_dilate_ar_dilate": 0.1014925748790989,
  "val_dilate_ar_dilate_shape": 0.15808048822111825,
  "val_dilate_ar_dilate_temporal": 0.044904662068580015
}