{
  "Dataset_ID": 1,
  "Seed": 84,
  "Modelo": "EncDec-Opt-Small-MT8_FT_AR_Contiguous_DILATE",
  "status": "completed",
  "source_model": "EncDec-Opt-Small-MT8_FT_AR_Contiguous",
  "checkpoint_dir": "experiments/benchmark_final\\ds_1_seed_84\\EncDec-Opt-Small-MT8_FT_AR_Contiguous_DILATE",
  "train_time_s": 1679.01,
  "epochs_run": 6,
  "best_val_loss": 0.02193894810038038,
  "train_num_targets": 8,
  "eval_num_targets": 8,
  "n_train": 541365,
  "n_val": 115590,
  "n_test": 115591,
  "lr": 2e-05,
  "alpha": 0.5,
  "gamma": 0.01,
  "test_dilate_mse": 0.21399199962615967,
  "test_dilate_rmse": 0.46259269300990874,
  "test_dilate_mae": 0.23769252002239227,
  "test_dilate_mape": 75.01510381698608,
  "test_dilate_diff_mse": 0.11454412341117859,
  "test_dilate_diff_rmse": 0.33844367834423883,
  "test_dilate_diff_mae": 0.2165389209985733,
  "test_dilate_diff_mape": 13178450.0,
  "test_dilate_direction_acc": 0.4413875639438629,
  "test_dilate_dilate": 0.12343644632267603,
  "test_dilate_dilate_shape": 0.20430838440918725,
  "test_dilate_dilate_temporal": 0.04256450819227,
  "val_dilate_ar_mse": 0.21982116997241974,
  "val_dilate_ar_rmse": 0.468850903776904,
  "val_dilate_ar_mae": 0.22408008575439453,
  "val_dilate_ar_mape": 57.38060474395752,
  "val_dilate_ar_diff_mse": 0.09425418823957443,
  "val_dilate_ar_diff_rmse": 0.30700844978530223,
  "val_dilate_ar_diff_mae": 0.18473872542381287,
  "val_dilate_ar_diff_mape": 13145951.5625,
  "val_dilate_ar_direction_acc": 0.46045011281967163,
  "val_dilate_ar_dilate": 0.12590762028073096,
  "val_dilate_ar_dilate_shape": 0.2094933498045216,
  "val_dilate_ar_dilate_temporal": 0.04232189062415898
}