{
  "Dataset_ID": 1,
  "Seed": 42,
  "Modelo": "EncDec-Opt-Small-MT8_FT_AR_Contiguous_VAR_ResidualDiff",
  "status": "completed",
  "source_model": "EncDec-Opt-Small-MT8_FT_AR_Contiguous",
  "checkpoint_dir": "experiments/benchmark_final\\ds_1_seed_42\\EncDec-Opt-Small-MT8_FT_AR_Contiguous_VAR_ResidualDiff",
  "train_time_s": 1217.76,
  "epochs_run": 8,
  "best_val_loss": 0.1246102050446315,
  "train_num_targets": 8,
  "eval_num_targets": 8,
  "n_train": 541365,
  "n_val": 115590,
  "n_test": 115591,
  "lr": 5e-05,
  "residual_weight": 1.0,
  "value_weight": 0.5,
  "diff_weight": 0.5,
  "test_var_mse": 0.20950032770633698,
  "test_var_rmse": 0.4577120576370443,
  "test_var_mae": 0.24283890426158905,
  "test_var_mape": 74.17166233062744,
  "test_var_diff_mse": 0.11409645527601242,
  "test_var_diff_rmse": 0.3377816680579519,
  "test_var_diff_mae": 0.21720770001411438,
  "test_var_diff_mape": 23834603.125,
  "test_var_direction_acc": 0.4858287274837494,
  "val_var_mse": 0.20939907431602478,
  "val_var_rmse": 0.4576014360948016,
  "val_var_mae": 0.22754120826721191,
  "val_var_mape": 55.1649272441864,
  "val_var_diff_mse": 0.09390544891357422,
  "val_var_diff_rmse": 0.3064399597206184,
  "val_var_diff_mae": 0.18573971092700958,
  "val_var_diff_mape": 24356971.875,
  "val_var_direction_acc": 0.4943952262401581
}