{
  "Dataset_ID": 2,
  "Seed": 84,
  "Modelo": "EncDec-Opt-Small-MT8_FT_AR_Contiguous_DILATE",
  "status": "completed",
  "source_model": "EncDec-Opt-Small-MT8_FT_AR_Contiguous",
  "checkpoint_dir": "experiments/benchmark_final\\ds_2_seed_84\\EncDec-Opt-Small-MT8_FT_AR_Contiguous_DILATE",
  "train_time_s": 1317.96,
  "epochs_run": 6,
  "best_val_loss": 0.023270127972181462,
  "train_num_targets": 8,
  "eval_num_targets": 8,
  "n_train": 426831,
  "n_val": 91047,
  "n_test": 91049,
  "lr": 2e-05,
  "alpha": 0.5,
  "gamma": 0.01,
  "test_dilate_mse": 0.2493499368429184,
  "test_dilate_rmse": 0.49934951371050557,
  "test_dilate_mae": 0.27199357748031616,
  "test_dilate_mape": 71.63076996803284,
  "test_dilate_diff_mse": 0.12578505277633667,
  "test_dilate_diff_rmse": 0.35466188514744107,
  "test_dilate_diff_mae": 0.21827752888202667,
  "test_dilate_diff_mape": 11432371.09375,
  "test_dilate_direction_acc": 0.45199522376060486,
  "test_dilate_dilate": 0.14200769610758882,
  "test_dilate_dilate_shape": 0.2361583250521956,
  "test_dilate_dilate_temporal": 0.04785706660391637,
  "val_dilate_ar_mse": 0.21314887702465057,
  "val_dilate_ar_rmse": 0.4616804923587855,
  "val_dilate_ar_mae": 0.2559734284877777,
  "val_dilate_ar_mape": 68.48922967910767,
  "val_dilate_ar_diff_mse": 0.11044967919588089,
  "val_dilate_ar_diff_rmse": 0.33233970451313954,
  "val_dilate_ar_diff_mae": 0.2114650011062622,
  "val_dilate_ar_diff_mape": 8069292.96875,
  "val_dilate_ar_direction_acc": 0.4578404426574707,
  "val_dilate_ar_dilate": 0.12238611811502044,
  "val_dilate_ar_dilate_shape": 0.2008686301349063,
  "val_dilate_ar_dilate_temporal": 0.04390360616857904
}