{
  "Dataset_ID": 1,
  "Seed": 126,
  "Modelo": "EncDec-Opt-Small-MT8_FT_AR_Contiguous_DILATE",
  "status": "completed",
  "source_model": "EncDec-Opt-Small-MT8_FT_AR_Contiguous",
  "checkpoint_dir": "experiments/benchmark_final\\ds_1_seed_126\\EncDec-Opt-Small-MT8_FT_AR_Contiguous_DILATE",
  "train_time_s": 1677.69,
  "epochs_run": 6,
  "best_val_loss": 0.021206450239610264,
  "train_num_targets": 8,
  "eval_num_targets": 8,
  "n_train": 541365,
  "n_val": 115590,
  "n_test": 115591,
  "lr": 2e-05,
  "alpha": 0.5,
  "gamma": 0.01,
  "test_dilate_mse": 0.20026850700378418,
  "test_dilate_rmse": 0.44751369476674585,
  "test_dilate_mae": 0.2397610992193222,
  "test_dilate_mape": 72.68268465995789,
  "test_dilate_diff_mse": 0.11440792679786682,
  "test_dilate_diff_rmse": 0.33824240833737396,
  "test_dilate_diff_mae": 0.21912787854671478,
  "test_dilate_diff_mape": 8137798.4375,
  "test_dilate_direction_acc": 0.4385240077972412,
  "test_dilate_dilate": 0.1152888294188683,
  "test_dilate_dilate_shape": 0.18669173516518542,
  "test_dilate_dilate_temporal": 0.04388592354753796,
  "val_dilate_ar_mse": 0.20273880660533905,
  "val_dilate_ar_rmse": 0.4502652624901671,
  "val_dilate_ar_mae": 0.22586143016815186,
  "val_dilate_ar_mape": 54.4765830039978,
  "val_dilate_ar_diff_mse": 0.09415976703166962,
  "val_dilate_ar_diff_rmse": 0.3068546350174128,
  "val_dilate_ar_diff_mae": 0.18758784234523773,
  "val_dilate_ar_diff_mape": 8338162.5,
  "val_dilate_ar_direction_acc": 0.43629947304725647,
  "val_dilate_ar_dilate": 0.11626319074539981,
  "val_dilate_ar_dilate_shape": 0.18846868040606227,
  "val_dilate_ar_dilate_temporal": 0.04405770108834694
}