{
  "Dataset_ID": 3,
  "Seed": 126,
  "Modelo": "EncDec-Opt-Small-MT8_FT_AR_Contiguous_DILATE",
  "status": "completed",
  "source_model": "EncDec-Opt-Small-MT8_FT_AR_Contiguous",
  "checkpoint_dir": "experiments/benchmark_final\\ds_3_seed_126\\EncDec-Opt-Small-MT8_FT_AR_Contiguous_DILATE",
  "train_time_s": 1316.53,
  "epochs_run": 6,
  "best_val_loss": 0.020640625211231615,
  "train_num_targets": 8,
  "eval_num_targets": 8,
  "n_train": 426831,
  "n_val": 91047,
  "n_test": 91049,
  "lr": 2e-05,
  "alpha": 0.5,
  "gamma": 0.01,
  "test_dilate_mse": 0.1411299854516983,
  "test_dilate_rmse": 0.37567271054961965,
  "test_dilate_mae": 0.17958030104637146,
  "test_dilate_mape": 670.1223850250244,
  "test_dilate_diff_mse": 0.07351434230804443,
  "test_dilate_diff_rmse": 0.27113528414436294,
  "test_dilate_diff_mae": 0.1655077189207077,
  "test_dilate_diff_mape": 11986970.3125,
  "test_dilate_direction_acc": 0.45888790488243103,
  "test_dilate_dilate": 0.0881944121346425,
  "test_dilate_dilate_shape": 0.1302083182965109,
  "test_dilate_dilate_temporal": 0.046180505935827676,
  "val_dilate_ar_mse": 0.16680888831615448,
  "val_dilate_ar_rmse": 0.4084224385561529,
  "val_dilate_ar_mae": 0.18667259812355042,
  "val_dilate_ar_mape": 114.69156742095947,
  "val_dilate_ar_diff_mse": 0.08475952595472336,
  "val_dilate_ar_diff_rmse": 0.29113489305599105,
  "val_dilate_ar_diff_mae": 0.16412688791751862,
  "val_dilate_ar_diff_mape": 10857795.3125,
  "val_dilate_ar_direction_acc": 0.4709796607494354,
  "val_dilate_ar_dilate": 0.10108286521363478,
  "val_dilate_ar_dilate_shape": 0.15528554513577328,
  "val_dilate_ar_dilate_temporal": 0.04688018562381703
}