{
  "Dataset_ID": 4,
  "Seed": 42,
  "Modelo": "EncDec-Opt-Small-MT8_FT_AR_Contiguous_DILATE",
  "status": "completed",
  "source_model": "EncDec-Opt-Small-MT8_FT_AR_Contiguous",
  "checkpoint_dir": "experiments/benchmark_final\\ds_4_seed_42\\EncDec-Opt-Small-MT8_FT_AR_Contiguous_DILATE",
  "train_time_s": 1320.66,
  "epochs_run": 6,
  "best_val_loss": 0.0218429298381946,
  "train_num_targets": 8,
  "eval_num_targets": 8,
  "n_train": 426829,
  "n_val": 91046,
  "n_test": 91048,
  "lr": 2e-05,
  "alpha": 0.5,
  "gamma": 0.01,
  "test_dilate_mse": 0.14198483526706696,
  "test_dilate_rmse": 0.37680875157971977,
  "test_dilate_mae": 0.17897190153598785,
  "test_dilate_mape": 48.25204610824585,
  "test_dilate_diff_mse": 0.06422346830368042,
  "test_dilate_diff_rmse": 0.25342349595820907,
  "test_dilate_diff_mae": 0.14511902630329132,
  "test_dilate_diff_mape": 5650910.15625,
  "test_dilate_direction_acc": 0.46554720401763916,
  "test_dilate_dilate": 0.0852896362852756,
  "test_dilate_dilate_shape": 0.13088913070470523,
  "test_dilate_dilate_temporal": 0.039690141338852084,
  "val_dilate_ar_mse": 0.1785769760608673,
  "val_dilate_ar_rmse": 0.4225836911913039,
  "val_dilate_ar_mae": 0.20806743204593658,
  "val_dilate_ar_mape": 102.12961435317993,
  "val_dilate_ar_diff_mse": 0.08761201053857803,
  "val_dilate_ar_diff_rmse": 0.29599326096818157,
  "val_dilate_ar_diff_mae": 0.1731415092945099,
  "val_dilate_ar_diff_mape": 6318761.328125,
  "val_dilate_ar_direction_acc": 0.47063806653022766,
  "val_dilate_ar_dilate": 0.1047300212437948,
  "val_dilate_ar_dilate_shape": 0.16736946469240552,
  "val_dilate_ar_dilate_temporal": 0.04209057836572475
}