{
  "Dataset_ID": 2,
  "Seed": 42,
  "Modelo": "EncDec-Opt-Small-MT8_FT_AR_Contiguous_DILATE",
  "status": "completed",
  "source_model": "EncDec-Opt-Small-MT8_FT_AR_Contiguous",
  "checkpoint_dir": "experiments/benchmark_final\\ds_2_seed_42\\EncDec-Opt-Small-MT8_FT_AR_Contiguous_DILATE",
  "train_time_s": 1319.67,
  "epochs_run": 6,
  "best_val_loss": 0.023253890006723833,
  "train_num_targets": 8,
  "eval_num_targets": 8,
  "n_train": 426831,
  "n_val": 91047,
  "n_test": 91049,
  "lr": 2e-05,
  "alpha": 0.5,
  "gamma": 0.01,
  "test_dilate_mse": 0.24866174161434174,
  "test_dilate_rmse": 0.49865994586926843,
  "test_dilate_mae": 0.26484641432762146,
  "test_dilate_mape": 68.99603605270386,
  "test_dilate_diff_mse": 0.12552371621131897,
  "test_dilate_diff_rmse": 0.354293263005831,
  "test_dilate_diff_mae": 0.21654215455055237,
  "test_dilate_diff_mape": 12436336.71875,
  "test_dilate_direction_acc": 0.45724672079086304,
  "test_dilate_dilate": 0.1441523718873071,
  "test_dilate_dilate_shape": 0.23580122091036734,
  "test_dilate_dilate_temporal": 0.05250352310871532,
  "val_dilate_ar_mse": 0.2136143445968628,
  "val_dilate_ar_rmse": 0.46218431885651723,
  "val_dilate_ar_mae": 0.25013694167137146,
  "val_dilate_ar_mape": 65.18816947937012,
  "val_dilate_ar_diff_mse": 0.11014571785926819,
  "val_dilate_ar_diff_rmse": 0.33188208426980237,
  "val_dilate_ar_diff_mae": 0.2098991423845291,
  "val_dilate_ar_diff_mape": 9346417.96875,
  "val_dilate_ar_direction_acc": 0.4758751094341278,
  "val_dilate_ar_dilate": 0.12556365037430992,
  "val_dilate_ar_dilate_shape": 0.20155291413198878,
  "val_dilate_ar_dilate_temporal": 0.049574386563890155
}