{
  "Dataset_ID": 2,
  "Seed": 126,
  "Modelo": "EncDec-Opt-Small-MT8_FT_AR_Contiguous_DILATE",
  "status": "completed",
  "source_model": "EncDec-Opt-Small-MT8_FT_AR_Contiguous",
  "checkpoint_dir": "experiments/benchmark_final\\ds_2_seed_126\\EncDec-Opt-Small-MT8_FT_AR_Contiguous_DILATE",
  "train_time_s": 1318.02,
  "epochs_run": 6,
  "best_val_loss": 0.02305897249666378,
  "train_num_targets": 8,
  "eval_num_targets": 8,
  "n_train": 426831,
  "n_val": 91047,
  "n_test": 91049,
  "lr": 2e-05,
  "alpha": 0.5,
  "gamma": 0.01,
  "test_dilate_mse": 0.2447899430990219,
  "test_dilate_rmse": 0.4947625118165501,
  "test_dilate_mae": 0.2628207802772522,
  "test_dilate_mape": 70.79533338546753,
  "test_dilate_diff_mse": 0.12539851665496826,
  "test_dilate_diff_rmse": 0.35411652976805286,
  "test_dilate_diff_mae": 0.21711614727973938,
  "test_dilate_diff_mape": 9424165.625,
  "test_dilate_direction_acc": 0.444973886013031,
  "test_dilate_dilate": 0.13858082374405914,
  "test_dilate_dilate_shape": 0.23252703708326924,
  "test_dilate_dilate_temporal": 0.044634610609670625,
  "val_dilate_ar_mse": 0.21147198975086212,
  "val_dilate_ar_rmse": 0.45986083737459327,
  "val_dilate_ar_mae": 0.2500581741333008,
  "val_dilate_ar_mape": 66.55861139297485,
  "val_dilate_ar_diff_mse": 0.11007148772478104,
  "val_dilate_ar_diff_rmse": 0.3317702333314142,
  "val_dilate_ar_diff_mae": 0.2106885015964508,
  "val_dilate_ar_diff_mape": 6631796.09375,
  "val_dilate_ar_direction_acc": 0.4438869059085846,
  "val_dilate_ar_dilate": 0.12183416854934977,
  "val_dilate_ar_dilate_shape": 0.19981054189692313,
  "val_dilate_ar_dilate_temporal": 0.043857795323460964
}