{
  "Dataset_ID": 1,
  "Seed": 42,
  "Modelo": "EncDec-Opt-Small-MT8_FT_AR_Contiguous_DILATE",
  "status": "completed",
  "source_model": "EncDec-Opt-Small-MT8_FT_AR_Contiguous",
  "checkpoint_dir": "experiments/benchmark_final\\ds_1_seed_42\\EncDec-Opt-Small-MT8_FT_AR_Contiguous_DILATE",
  "train_time_s": 1689.79,
  "epochs_run": 6,
  "best_val_loss": 0.021358855231308545,
  "train_num_targets": 8,
  "eval_num_targets": 8,
  "n_train": 541365,
  "n_val": 115590,
  "n_test": 115591,
  "lr": 2e-05,
  "alpha": 0.5,
  "gamma": 0.01,
  "test_dilate_mse": 0.2055172622203827,
  "test_dilate_rmse": 0.45334011759426573,
  "test_dilate_mae": 0.2489483505487442,
  "test_dilate_mape": 66.36291146278381,
  "test_dilate_diff_mse": 0.11459071934223175,
  "test_dilate_diff_rmse": 0.3385125098755314,
  "test_dilate_diff_mae": 0.21629571914672852,
  "test_dilate_diff_mape": 11668365.625,
  "test_dilate_direction_acc": 0.4553382098674774,
  "test_dilate_dilate": 0.12333399374049743,
  "test_dilate_dilate_shape": 0.19430438615737838,
  "test_dilate_dilate_temporal": 0.052363601568615296,
  "val_dilate_ar_mse": 0.2086554616689682,
  "val_dilate_ar_rmse": 0.4567882021998469,
  "val_dilate_ar_mae": 0.23346355557441711,
  "val_dilate_ar_mape": 54.93546724319458,
  "val_dilate_ar_diff_mse": 0.09436415135860443,
  "val_dilate_ar_diff_rmse": 0.30718748568033244,
  "val_dilate_ar_diff_mae": 0.18459735810756683,
  "val_dilate_ar_diff_mape": 11178125.78125,
  "val_dilate_ar_direction_acc": 0.46328896284103394,
  "val_dilate_ar_dilate": 0.12333708796413291,
  "val_dilate_ar_dilate_shape": 0.19693478870756928,
  "val_dilate_ar_dilate_temporal": 0.049739387484003236
}